;Programme INSECT - Formations Universitaires;;;;;;;;;;;;;;;;;;;;;;;;;;;;;;;;
;Identité;;Formation;;;;;;;;;;;Stage;;;;;;;;;Coordonnées;;;;;;;Recherche;;;Divers
;;;;;;;;;;;;;;;;;;;;;;;;;;;;;;;;;
Références;Université de;Intitulé Composante;Niveau;Domaine Diplôme;Mention Diplôme;Spécialité Diplôme;Parcours Diplôme;Lieu Formation;Formation Initiale;Formation Continue;Contrat d'Apprentissage;Contrat de Professionnalisation;Voie Recherche;Type de Stage;Durée Stage;Date de début;Date de fin obligatoire ;Service Stage/Emploi;Site Internet Stage/Emploi;Exemple de sujet de mémoire 1;Exemple de sujet de mémoire 2;Exemple de sujet de mémoire 3;Responsable Pédagogique;Courriel Secrétariat Formation;Téléphone;Adresse;Code Postal;Commune;Site Internet;Rattachement Laboratoire 1;Rattachement Laboratoire 2;Rattachement Laboratoire 3;Informations complémentaires
F1;Poitiers;IAE;Master 2;Droit Economie Gestion;Marketing Plurimédia et consommation;Marketing Plurimédia et Consommation;Management des marques et produits jeunesse;Angoulême;OUI;OUI;NON;NON;OUI;;6 mois;27 février;31 août;OUI;http://iae.univ-poitiers.fr/fr/stages-et-emplois;;;;Inés de La Ville;daconceicao@poitiers.iae-France.fr;05 45 21 00 11;186 rue de Bordeaux;16025;Angoulême ;http://cepe.univ-poitiers.fr/;CEREGE;MSHS;;CEPE
F2;Poitiers;Droit et Sciences Sociales;Magistère;Droit Economie Gestion;Droit du Patrimoine;Droit des Techniques de l'Information et de la Communication - TIC;;Poitiers;OUI;;;;;;1 à 3 mois;;;;;;;;Alexandre Zollinger;elisabeth.rebillier@univ-poitiers.fr;05 49 36 64 50;15 rue Sainte Opportune;86073;Poitiers Cedex 09;http://www.magistere.net;CECOJI;;;
F3;Poitiers ;Sciences Humaines et Arts;Master 2;Sciences Humaines et Sociales;Information et Communication;Web Editoral;;Poitiers;OUI;OUI;NON;OUI;OUI;;2 à 6 mois;01 avril;30 septembre;;;;;;Yannis Delmas;yannis.delmas@univ-poitiers.fr;05 49 45 45 30;8 rue René Descartes;86073;Poitiers Cedex 09;http://sha.univ-poitiers.fr/masterweb/;;;;
F4;Poitiers;Sciences Humaines et Arts;Master 2;Sciences Humaines et Sociales;Information et Communication;ESDOC - Sciences de la Communication;;Poitiers;OUI;OUI;NON;NON ;OUI;;3 à 6 mois;;;;;;;;David Guillemin;david.guillemin@univ.poitiers.fr;05 49 45 49 27;8 rue René Descartes;86073;Poitiers Cedex 09;http://sha.univ-poitiers.fr/masteresdoc/;;;;
F5;Poitiers;Lettres et Langues;Master 2;Sciences Humaines et Sociales;Information et Communication;Ingénierie des Médias pour l'Education;;Poitiers;OUI;OUI;NON;OUI;OUI;;2 à 5 mois;;;;;;;;Hassina El Kechai;hassina.el.kechai@univ-poitiers.fr;05 49 36 62 06;1 rue Raymond Cantel ;86073;Poitiers Cedex 09;http://ll.univ-poitiers.fr/masterime/;TECHNE;;;Master à distance
F6;Poitiers;Sciences Humaines et Arts;Master 2;Sciences Humaines et Sociales;Information et Communication;Ecriture et Réalisation Documentaires;;Angoulême;OUI;OUI;NON;NON;OUI;;5 semaines;01 février;;;;;;;Denis Bourgeois;creadoc@univ-poitiers.fr;05 45 38 65 76;121 rue de Bordeaux;16000;Angoulême;http://sha.univ-poitiers.fr/creadoc/;;;;CREADOC
F7;Poitiers;Lettres et Langues;Master 2;Arts Lettres Langues;Texte/Image : Littératures, Ecrans, Scènes TEXTIM;Bande Dessinée;;Angoulême;OUI;;;;OUI;;;;;;;;;;Patrick Clanet;s.burel@eesi.eu;05 45 92 01 01;134 rue de Bordeaux;16000;Angoulême;http://www.eesi.eu/site/;FORELL;;;EESI
F8;Poitiers;Lettres et Langues;Master 2;Arts Lettres Langues;Texte/Image : Littératures, Ecrans, Scènes TEXTIM;Arts du spectacle;;Poitiers;OUI;OUI;NON;NON ;OUI;;420 h à 560 h;;;;;;;;Leila Adham;leila.adham@univ-poitiers.fr;05 49 45 43 38;1 rue Raymond Cantel ;86073;Poitiers Cedex 09;;FORELL;;;
F9;Poitiers;Lettres et Langues;Master 2;Arts Lettres Langues;Texte/Image : Littératures, Ecrans, Scènes TEXTIM;Littératures et Cultures de l'Image;;Poitiers;OUI;OUI;NON;NON;NON;;0;;;;;;;;Anne-Cécile Guilbard;anne.cecile.guilbard@univ-poitiers.fr;05 49 45 32 71;1 rue Raymond Cantel ;86073;Poitiers Cedex 09;;FORELL;;;
F10;Poitiers;Sciences Humaines et Arts;Master 2;Sciences Humaines et Sociales;Civilisations : histoire patrimoine et sources ;Patrimoine Musée et Multimédia;;Poitiers;OUI;OUI;NON;NON;OUI;;8 à 20 semaines;;;;;isabelle.fortune@univ-poitiers.fr;Consultables sur place;;Claire Barbillon;nathalie.guillemet@univ-poitiers.fr;05 49 45 45 11;8 rue René Descartes;86073;Poitiers Cedex 09;http://sha.univ-poitiers.fr/m2patrimoines/;HeRMA;CESCM;CRIHAM;
F11;Poitiers;Lettres et Langues;Master 2;Sciences Humaines et Sociales;Information et Communication;Euromime;;Poitiers + villes monde;;;NON;NON;OUI;;0;;;;;;;;Jean-François Cerisier;cerisier@univ-poitiers.fr;05 49 45 45 45;8 rue René Descartes;86073;Poitiers Cedex 09;http://euromime.org/fr/accueil/le-master-euromime;TECHNE;;;Erasmus Mundus
F12;Poitiers;Droit et Sciences Sociales;Master 2;Droit Economie Gestion;Droit du Patrimoine;Droit de la Recherche et Valorisation de l'Innovation;;Poitiers;OUI;OUI;NON;NON;NON;;12 semaines;;;;;;;;Marie-Eugénie Laporte Legeais;elisabeth.rebillier@univ-poitiers.fr;05 49 36 64 40;15 rue Sainte Opportune;86073;Poitiers Cedex 09;;CECOJI;;;Master à distance
F13;Poitiers;Droit et Sciences Sociales;Master 2;Droit Economie Gestion;Droit du Patrimoine;Propriété Intellectuelle;;Poitiers;OUI;OUI;NON;NON;OUI;;0;;;;;;;;Philippe Gaudrat;elisabeth.rebillier@univ-poitiers.fr;05 49 36 64 40;15 rue Sainte Opportune;86073;Poitiers Cedex 09;;CECOJI;;;
F14;Poitiers;IAE;Master 2;Droit Economie Gestion;Stratégie et Marketing;Intelligence Economique et Communication Stratégique;;Poitiers;NON;NON;OUI;NON;;;0;;;;;;;;Nicolas MOINET;vbonnemains@poitiers.iae-france.fr;05 49 45 41 42;20 rue Guillaume VII du Troubadour ;86073;Poitiers Cedex 09;http://iae.univ-poitiers.fr/;;;;Master à distance également
;Poitiers;IAE;Master 2;Droit Economie Gestion;Stratégie et Marketing;Marketing;;Poitiers;OUI;OUI;NON;NON;;;6 mois;;;;;;;;André Leroux;aleroux@poitiers.iae-france.fr/;05 49 45 41 43;20 rue Guillaume VII du Troubadour ;86073;Poitiers Cedex 09;http://iae.univ-poitiers.fr/fr/master-2-marketing;CEREGE;;;
F15;Poitiers;Sciences Fondamentales et Appliquées;Master 2;Sciences Technologies Santé;Informatique Mathématiques Multimédia Télécommunication;Informatique;;Poitiers;OUI;OUI;NON;OUI;OUI;;OUI;;;;;;;;Pascal Lienhardt;pascal.lienhardt@univ-poitiers.fr;05 49 45 35 73;9 rue Charles-Claude Chenou;86073;Poitiers Cedex 09;http://www.vocasciences.fr/;XLIM-SIC;LIAS;;
F16;Poitiers;Sciences Fondamentales et Appliquées;Master 2;Sciences Technologies Santé;Informatique Mathématiques Multimédia Télécommunication;Réseaux de Télécommunications Multimédia Automatique;;Poitiers;OUI;OUI;NON;OUI;OUI;;OUI;;;;;;;;David Helbert;david.helbert@univ-poitiers.fr;05 49 45 35 73;9 rue Charles-Claude Chenou;86073;Poitiers Cedex 09;http://www.vocasciences.fr/;XLIM-SIC;;;
F17;Poitiers;Lettres et Langues;Master 2;Arts Lettres Langues;Cultures et Sociétes Etrangères;LEA Négociateur Trilingue en Commerce International;;Poitiers;OUI;OUI;NON;NON;NON;;6 mois;Entre Janvier;Fin Août;;;;;;Emile Amouzou;emile.amouzou@univ-poitiers.fr;05 49 45 42 79;1 rue Raymond Cantel ;86073;Poitiers Cedex 09;;CEREGE;;;
F18;Poitiers;Lettres et Langues;Master 2;Arts Lettres Langues;Littératures;Livre et Médiations : Edition, commercialisation et vie littéraire;;Poitiers;OUI;OUI;NON;NON;NON ;;3 à 6 mois;Entre Février;Fin Septembre;;;;;;Stéphane Bikialo;stephane.bikialo@univ-poitiers.fr;05 49 45 32 18;1 rue Raymond Cantel ;86073;Poitiers Cedex 09;http://ll.univ-poitiers.fr/masterlivre/;;;;
F19;Poitiers;Droit et Sciences Sociales;Master 2;Droit Economie Gestion;Droit des Affaires;Juriste Linguiste;;Poitiers;OUI;OUI;NON;NON;OUI;;2 mois minimum;Entre Mai;Début Octobre;;;;;;Céline Lagéot;sylvie.schmal@univ-poitiers.fr;05 49 45 42 79;1 rue Raymond Cantel ;86073;Poitiers Cedex 09;;CECOJI;MIMMOC;FORELL;
;Poitiers;Droit et Sciences Sociales;Master 2;Droit Economie Gestion;AES ;Droit et Marketing;;Poitiers;OUI;OUI;NON;NON;;;6 mois;Février;Août;;;;;;Sophie Nivoix;sophie.nivoix@univ-poitiers.fr;05 49 45 31 24;2 rue Jean Carbonnier;86073;Poitiers Cedex 09;http://www.univ-poitiers.fr/formation/nos-formations/par-diplome/les-masters/mention-administration-economique-et-sociale-aes-/master-professionnel-et-recherche-droit-economie-gestion-mention-administration-economique-et-sociale-specialte-droit-et-marketing-383691.kjsp?RH=1349295264496;CEREGE;;;
F20;CNAM, CFA Poitiers;Ecole Ingénieur CNAM;Diplôme Ingénieur;;Ingénieur informatique en sciences et technologies des médias numériques;;;Angoulême;;;OUI;;;;Apprentissage de 3 ans ;;;;;;;;Thomas Allain-Launay;tallain-launay@cnam-poitou-charentes.fr;05 49 49 61 34;138 rue de Bordeaux;16000;Angoulême;http://www.cnam-poitou-charentes.fr/site/formation/ingenieur_stmn#;;;;CNAM-ENJMIN
F21;CNAM, Gobelins;Conférences des Grandes Ecoles;Master spécialisé (Bac + 5);;Jeux vidéo et transmédias;Interactivité Digital Expériences;;Paris;OUI;OUI;NON;OUI;;;4 à 6 mois;;;;;;;;;;05 45 68 06 78;138 rue de Bordeaux;16000;Angoulême;http://www.gobelins.fr/formation/id01-mastere-specialise-jeu-video-et-transmedia-cnam-enjmin-interactive-digital;;;;CNAM-ENJMIN
;CNAM;;Certificat de spécialisation (Bac + 4);;TIC (Technologies Information et Communication) dans les systèmes d'information documentaire;;;Paris;;;;;;;;;;;;;;;;;;;;;http://formation.cnam.fr/rechercher-par-metier/certificat-de-specialisation-les-tic-technologies-de-l-information-et-de-la-communication-dans-les-systemes-d-information-documentaire-200621.kjsp?RF=newcat_metiers;;;;
F22;La Rochelle;Lettre Langues Arts Sciences Humaines;Master 2;Arts Lettres Langues;Direction de Projets Audiovisuels et Numériques;;;La Rochelle;NON;OUI;OUI;NON;NON;;NON;;;;;;;;;master.lea-dpan@univ-lr.fr;05 16 49 67 89;1 parvis Fernand Braude;17042;La Rochelle ;https://formations.univ-larochelle.fr/master-lea-direction-projets-audiovisuels-et-numeriques;;;;
F23;La Rochelle;Droit Politique Gestion;Master 2;Droit Economie Gestion;Droit Du Numérique;Tiers de Confiance et sécurité Numérique;;La Rochelle;OUI;OUI ;NON;NON;OUI;;3 mois minimum;;;;;;;;;master.tcsn@univ-lr.fr;05 46 45 85 20;45 rue François de Vaux de Foletier;17024;La Rochelle ;https://formations.univ-larochelle.fr/master-securite-numerique;;;;
F24;La Rochelle;Lettres Langues Arts Sciences Humaines;Master 2;Sciences Humaines et Sociales;Direction de Projets ou Etablissements Culturels;Développement Culturel de la Ville;;La Rochelle;OUI;OUI;NON;NON;?;;3 mois minimum;;;;;;;;;master.dcv@univ-lr.fr;05 46 45 68 02;1 parvis Fernand Braudel;17042;La Rochelle ;https://formations.univ-larochelle.fr/master-developpement-culturel;;;;
F25;La Rochelle;Lettres Langues Arts Sciences Humaines;Master 2;Sciences Humaines et Sociales;Tourisme;e-Tourisme et Ingénierie Culturelle des Patrimoines;;La Rochelle;OUI;OUI;NON;NON;?;;12 à 30 semaines;;;;;;;;;master.tourisme@univ-lr.fr;05 46 45 68 02;1 parvis Fernand Braudel;17042;La Rochelle ;https://formations.univ-larochelle.fr/master-e-tourisme;;;;
F26;La Rochelle, Poitiers, CNAM;Sciences et Technologies;Master 2;Sciences Technologies Santé;Audiovisuel, Médias Interactifs Numériques, jeux;;6 parcours : game design, programmation, conception visuelle, ergonomie, conception sonore, management de projet;Angoulême;OUI;OUI;NON;OUI;?;;4 à 6 mois;1 Avril;30 Septembre;OUI;http://www.cnam-enjmin.fr/espace-entreprise/offres-de-stage;;;;;Charlène ;05 45 68 06 78;138 rue de Bordeaux;16000;Angoulême;http://www.cnam-enjmin.fr/;;;;CNAM - ENJMIN 
F27;La Rochelle;Sciences et Technologies;Master 2;Sciences Technologies Santé;Informatique;Ingénierie de la Numérisation et de la Dématérialisation;;La Rochelle;OUI;OUI;OUI;?;?;;20 semaines minimum;;;;;;;;;master.icone@univ-lr.fr;05 46 45 82 59;Avenue Michel Crépeau;17042;La Rochelle ;https://formations.univ-larochelle.fr/master-ingenierie-numerisation-dematerialisation;;;;
F28;La Rochelle;Sciences et Technologies;Master 2;Sciences Technologies Santé;Informatique;Ingénierie des Systèmes d'information;;La Rochelle;OUI;OUI;OUI;?;?;;20 semaines minimum;;;;;;;;;master.icone@univ-lr.fr;05 46 45 82 59;Avenue Michel Crépeau;17042;La Rochelle ;https://formations.univ-larochelle.fr/master-ingenierie-systemes-information;;;;
F29;Limoges;Sciences et Techniques;Master 2;;Algorithmique, Calcul Symbolique et Optimisation Numérique;;;Limoges;OUI;OUI;?;?;OUI;;4 à 6 mois;;;;;;;;Paul Armand;paul.armand@unilim.fr;05 55 45 72 00;123 avenue Albert Thomas;87060;Limoges;http://www.unilim.fr/acsyon;XLIM;;;Master à distance
;Limoges;Lettres et Sciences Humaines;Master 2 ;Lettres et Arts et ENSA Limoges;Création Contemporaine et Industries Culturelles;CCIC;;Limoges;OUI;OUI;;;;;;;;;;;;;Loïc Artiaga;loic.artiaga@unilim.fr;05 55 43 57 97;;;;https://ccic.hypotheses.org/a-propos;;;;http://ensa-limoges.fr/master-ccic/
;Limoges;Lettres et Sciences Humaines;Master 2;;Culture et Communication ;Edition;;;;;;;;;;;;;;;;;;;;;;;http://www.flsh.unilim.fr/formation/par-niveau-detudes/master-professionnel-edition-2/;;;;
F30;Limoges;Sciences et Techniques;Master 2;;Architecture des Réseaux et Technologies Induites des Circuits de Communications;;;Limoges;OUI;OUI;OUI;;?;;4 à 6 mois;;;;;;;;Denis Barataud;denis.barataud@unilim.fr;05 55 45 77 53;123 Avenue Albert Thomas;87060;Limoges;http://www.sciences.unilim.fr/physique/master-articc/;XLIM;;;Master à distance
;Limoges;Lettres et Sciences Humaines;Master 2;Université Limoges et l’Etablissement Public Local d’Enseignement et de Formation Professionnelle Agricole (EPLEFPA) d’Ahun;Valorisation du patrimoine et développement territorial ;Valorisation du patrimoine et développement territorial;;Limoges;OUI;OUI;;;;;6 mois;;;;;;;;;edwige.garnier@unilim.fr;05 55 43 55 86;39E, rue Camille-Guérin;87036;Limoges;http://www.unilim.fr/formation/loffre-de-formation/#/formation/LIM-PROG48894;;;;
F31;Bordeaux Montaigne;Sciences des Territoires et de la Communication;Master 2;;Humanités Numériques;Humanités Numériques;Conception de projet numerique et multimédia;Bordeaux;OUI;OUI;NON;NON;?;OUI;;;;;;;;;Jean-François Dareths;Jean-Francois.Dareths@u-bordeaux-montaigne.fr;05 57 12 61 41;Institut des Sciences de la Communication et de l'Information. Domaine Universitaire;33607;Pessac;http://www.u-bordeaux-montaigne.fr/fr/formations/offre-de-formation-2016-2020/master-XB/information-communication-et-mediation-des-sciences-SCINFO.9/master-conception-de-projet-numerique-et-multimedia-program-msm16-216.html#admission;MICA 4426;;;
F32;Bordeaux Montaigne;Sciences des Territoires et de la Communication;Master 2;;Humanités Numériques;Humanités Numériques;Documents numériques et humanités digitales;Bordeaux;OUI;OUI;NON;NON;NON;OUI;;;;;;;;;Soufiane Rouissi;soufiane.rouissi@u-bordeaux-montaingne.fr;;Institut des Sciences  de la Communication et de l'Information.Domaine Universitaire;33607;Pessac;http://www.u-bordeaux-montaigne.fr/fr/formations/offre-de-formation-2016-2020/master-XB/information-communication-et-mediation-des-sciences-SCINFO.9/master-document-numerique-et-humanites-digitales-program-msn16-216.html#presentation;MICA 4426;;;
F33;Bordeaux Montaigne;Humanités;Master 2;;Patrimoine et Musées;Patrimoine et Musées;Régie des Œuvres et Médiation de l'Architecture et du Patrimoine;Bordeaux;OUI;OUI;NON;NON;NON;;3 à 6 mois;;;;;;;;Christian Gensbeitel;christian.gensbeitel@u-bordeaux-montaigne.fr;05 57 12 44 02;Département Histoire de l'Art et Archéologie. Domaine Universitaire;33607;Pessac;;IRAMAT 50620;AUSONIUS 567;PASEA 5199;
F34;Bordeaux ;Unité de formation Informatique;Master 2;Sciences Technologies Santé;Informatique;Image, Son, Vidéo;;Talence;OUI;OUI;NON;NON;OUI;;6 mois;;;;;;;;;master-info@ufr-mi.u-bordeaux1.fr;05 40 00 69 02;351 Cours de la Libération;33400;Talence;http://www.u-bordeaux.fr/formation/2015/PRMAIN4_141/master-recherche-professionnel-mention-informatique-specialite-image-son-video/;;;;
F35;Bordeaux;Humanités;Master 2;Sciences Po et Université Bordeaux Inter culture;Direction des projets ou Etablissements culturels;Ingénierie de projets culturels et interculturels;;Bordeaux;OUI;OUI;OUI;?;?;;4 à 6 mois;;;;;;;;Alexandre Péraud;alexandre.peraud@u-bordeaux-montaigne.fr;05 57 12 62 04;Département Lettres. Université Michel Montaigne Bordeaux 3;33607;Pessac;http://www.u-bordeaux-montaigne.fr/fr/formations/offre-de-formation-2016-2020/master-XB/lettres-et-lettres-langues-LGC.12/master-ingenierie-de-projets-culturels-et-interculturels-program-mdf16-216.html;TELEM;MICA;ARTES;Partenariat avec Sciences PO Bordeaux
F36;Bordeaux Montaigne;Humanités;Master 2;;Art du spectacle et audiovisuel;Cinéma et Audiovisuel;Approche historiques et socioculturelles du cinéma et de l'audiovisuel;Bordeaux;OUI;OUI;NON;NON ;OUI;;2 mois;;;;;;;;Pierre Beylot;Pierre.Beylot@u-bordeaux-montaigne.fr;05 57 12 62 12;Département Arts. Université Bordeaux Montaigne;33607;Pessac;http://www.u-bordeaux-montaigne.fr/fr/formations/offre-de-formation-2016-2020/master-XB/arts-arts-du-spectacle-musicologie-ART.3/master-approches-historiques-et-socio-culturelles-du-cinema-et-de-l-audiovisuel-program-mac16-216.html/;ARTES;CLARE 4593;;
F37;Bordeaux Montaigne;Humanités;Master 2;;Art du Spectacle et Audiovisuel;Cinéma et Audiovisuel;Documentaires et Archives;Bordeaux ;OUI ;OUI ;NON;NON;OUI;;2 mois;;;;;;;;Emmanuel Plasseraud;emmanuel.plasseraud@u-bordeaux-montaigne.fr; 05 57 12 66 78;Département Arts. Université Bordeaux Montaigne;33607;Pessac;http://www.u-bordeaux-montaigne.fr/fr/formations/offre-de-formation-2016-2020/master-XB/arts-arts-du-spectacle-musicologie-ART.3/master-documentaires-et-archives-program-mar16-216.html/;ARTES;CLARE 4593;;
F38;Bordeaux;Droit et Science Politique;Master 2;Droit Economie Gestion;Droit Privé;Droit de la Propriété Intellectuelle;Médiatic;Pessac;OUI;OUI;NON;NON;?;Stage ou Mémoire;;;;;;;;;Xavier Daverat;xavier.daverat@u-bordeaux.fr;05 56 84 85 86 ;16 Avenue Léon Duguit;33608;Pessac;http://droit.u-bordeaux.fr/Formations/Masters/Mention-Droit-de-la-propriete-intellectuelle/Master-2-Droit-de-la-propriete-intellectuelle-parcours-MEDIATIC;;;;
F39;Bordeaux;Droit et Science Politique;Master 2;Droit Economie Gestion;Droit Privé;Droit de la Propriété Intellectuelle;AudIance (Administration, Usages et Droit des Institutions Artistiques et des Nouveautés dans la Culture et l’Evénementiel);Pessac;OUI;OUI;NON;NON;?;Stage ou Mémoire;3 mois minimum;;;;;;;;Xavier Daverat;xavier.daverat@u-bordeaux.fr;05 56 84 29 93;16 Avenue Léon Duguit;33608;Pessac;https://droit.u-bordeaux.fr/Formations/Masters/Mention-Droit-de-la-propriete-intellectuelle/Master-2-Droit-de-la-propriete-intellectuelle-parcours-AUDIANCE;;;;
F40;Bordeaux;Droit et Science Politique;Master 2;Droit Economie Gestion;Droit Privé;Droit de la Culture et des Créations Intellectuelles;Droit des Créations Intellectuelles;Pessac;OUI;OUI;NON;NON;?;;;;;;;;;;Xavier Daverat;xavier.daverat@u-bordeaux.fr;05 56 84 85 10;16 Avenue Léon Duguit;33608;Pessac;http://www.u-bordeaux.fr/formation/2015/PRMMDPRI0_232/master-mention-droit-prive-m2-specialite-professionnelle-droit-des-creations-intellectuelles;;;;
F41;Bordeaux ;Droit et Science Politique;Master 2;Droit Economie Gestion;Droit Privé;Droit de la Culture et des Créations Intellectuelles;Droit et Administration des Etablissements Culturels;Pessac ;OUI;OUI;NON;NON;?;;;;;;;;;;Xavier Daverat;xavier.daverat@u-bordeaux.fr;05 56 84 85 10;16 Avenue Léon Duguit;33608;33608;http://www.u-bordeaux.fr/formation/2015/PRMMDPRI0_233/master-mention-droit-prive-m2-specialite-professionnelle-droit-et-administration-des-etablissements-culturels;;;;
F42;Pau et Pays de l'Adour;Lettres Langues Sciences Humaines Sport;Master 2 ;Sciences Humaines et Sociales;Patrimoine et Musées;Patrimoine et Musées;Valorisation des Patrimoines ;Pau;OUI;OUI;;;;;6 mois;;;;;;;;;scolarite.lettres@univ-pau.fr ;05 59 40 72 17;Avenue du Doyen Poplawski;64013;Pau ;https://formation.univ-pau.fr/fr/accueil/sciences-humaines-et-sociales-SHS/master-14/master-patrimoine-et-musees-program-77-1/parcours-valorisation-des-patrimoines-pour-les-collectivites-territoriales-subprogram-132-1.html;;;;
F43;Pau et Pays de l'Adour;Lettres Langues Sciences Humaines Sport;Master 2;Sciences Humaines et Sociales;Patrimoine et Musées;Patrimoine et Musées;Muséologie, Muséographie;Pau;OUI;OUI;;;;;6 mois;;;;;;;;;scolarite.lettres@univ-pau.fr ;05 59 40 72 17;Avenue du Doyen Poplawski;64013;Pau ;https://formation.univ-pau.fr/fr/accueil/sciences-humaines-et-sociales-SHS/master-14/master-patrimoine-et-musees-program-77-1/parcours-museologie-museographie-subprogram-124-1.html;;;;
F44;;;;;;;;;;;;;;;;;;;;;;;;;;;;;;;;;
F45;;;;;;;;;;;;;;;;;;;;;;;;;;;;;;;;;
F46;;;;;;;;;;;;;;;;;;;;;;;;;;;;;;;;;
F47;;;;;;;;;;;;;;;;;;;;;;;;;;;;;;;;;
F48;;;;;;;;;;;;;;;;;;;;;;;;;;;;;;;;;
F49;;;;;;;;;;;;;;;;;;;;;;;;;;;;;;;;;
F50;;;;;;;;;;;;;;;;;;;;;;;;;;;;;;;;;
F51;;;;;;;;;;;;;;;;;;;;;;;;;;;;;;;;;
F52;;;;;;;;;;;;;;;;;;;;;;;;;;;;;;;;;
F53;;;;;;;;;;;;;;;;;;;;;;;;;;;;;;;;;
F54;;;;;;;;;;;;;;;;;;;;;;;;;;;;;;;;;
F55;;;;;;;;;;;;;;;;;;;;;;;;;;;;;;;;;
F56;;;;;;;;;;;;;;;;;;;;;;;;;;;;;;;;;
F57;;;;;;;;;;;;;;;;;;;;;;;;;;;;;;;;;
F58;;;;;;;;;;;;;;;;;;;;;;;;;;;;;;;;;
F59;;;;;;;;;;;;;;;;;;;;;;;;;;;;;;;;;
F60;;;;;;;;;;;;;;;;;;;;;;;;;;;;;;;;;
F61;;;;;;;;;;;;;;;;;;;;;;;;;;;;;;;;;
F62;;;;;;;;;;;;;;;;;;;;;;;;;;;;;;;;;
F63;;;;;;;;;;;;;;;;;;;;;;;;;;;;;;;;;
F64;;;;;;;;;;;;;;;;;;;;;;;;;;;;;;;;;
F65;;;;;;;;;;;;;;;;;;;;;;;;;;;;;;;;;
F66;;;;;;;;;;;;;;;;;;;;;;;;;;;;;;;;;
F67;;;;;;;;;;;;;;;;;;;;;;;;;;;;;;;;;
F68;;;;;;;;;;;;;;;;;;;;;;;;;;;;;;;;;
F69;;;;;;;;;;;;;;;;;;;;;;;;;;;;;;;;;
F70;;;;;;;;;;;;;;;;;;;;;;;;;;;;;;;;;
F71;;;;;;;;;;;;;;;;;;;;;;;;;;;;;;;;;
F72;;;;;;;;;;;;;;;;;;;;;;;;;;;;;;;;;
F73;;;;;;;;;;;;;;;;;;;;;;;;;;;;;;;;;
F74;;;;;;;;;;;;;;;;;;;;;;;;;;;;;;;;;
F75;;;;;;;;;;;;;;;;;;;;;;;;;;;;;;;;;
F76;;;;;;;;;;;;;;;;;;;;;;;;;;;;;;;;;
F77;;;;;;;;;;;;;;;;;;;;;;;;;;;;;;;;;
F78;;;;;;;;;;;;;;;;;;;;;;;;;;;;;;;;;
F79;;;;;;;;;;;;;;;;;;;;;;;;;;;;;;;;;
F80;;;;;;;;;;;;;;;;;;;;;;;;;;;;;;;;;
F81;;;;;;;;;;;;;;;;;;;;;;;;;;;;;;;;;
F82;;;;;;;;;;;;;;;;;;;;;;;;;;;;;;;;;
F83;;;;;;;;;;;;;;;;;;;;;;;;;;;;;;;;;
F84;;;;;;;;;;;;;;;;;;;;;;;;;;;;;;;;;
F85;;;;;;;;;;;;;;;;;;;;;;;;;;;;;;;;;
F86;;;;;;;;;;;;;;;;;;;;;;;;;;;;;;;;;
F87;;;;;;;;;;;;;;;;;;;;;;;;;;;;;;;;;
F88;;;;;;;;;;;;;;;;;;;;;;;;;;;;;;;;;
F89;;;;;;;;;;;;;;;;;;;;;;;;;;;;;;;;;
F90;;;;;;;;;;;;;;;;;;;;;;;;;;;;;;;;;
F91;;;;;;;;;;;;;;;;;;;;;;;;;;;;;;;;;
F92;;;;;;;;;;;;;;;;;;;;;;;;;;;;;;;;;
F93;;;;;;;;;;;;;;;;;;;;;;;;;;;;;;;;;
F94;;;;;;;;;;;;;;;;;;;;;;;;;;;;;;;;;
F95;;;;;;;;;;;;;;;;;;;;;;;;;;;;;;;;;
F96;;;;;;;;;;;;;;;;;;;;;;;;;;;;;;;;;
F97;;;;;;;;;;;;;;;;;;;;;;;;;;;;;;;;;
F98;;;;;;;;;;;;;;;;;;;;;;;;;;;;;;;;;
F99;;;;;;;;;;;;;;;;;;;;;;;;;;;;;;;;;
F100;;;;;;;;;;;;;;;;;;;;;;;;;;;;;;;;;
F101;;;;;;;;;;;;;;;;;;;;;;;;;;;;;;;;;
F102;;;;;;;;;;;;;;;;;;;;;;;;;;;;;;;;;
F103;;;;;;;;;;;;;;;;;;;;;;;;;;;;;;;;;
F104;;;;;;;;;;;;;;;;;;;;;;;;;;;;;;;;;
F105;;;;;;;;;;;;;;;;;;;;;;;;;;;;;;;;;
F106;;;;;;;;;;;;;;;;;;;;;;;;;;;;;;;;;
F107;;;;;;;;;;;;;;;;;;;;;;;;;;;;;;;;;
F108;;;;;;;;;;;;;;;;;;;;;;;;;;;;;;;;;
F109;;;;;;;;;;;;;;;;;;;;;;;;;;;;;;;;;
F110;;;;;;;;;;;;;;;;;;;;;;;;;;;;;;;;;
F111;;;;;;;;;;;;;;;;;;;;;;;;;;;;;;;;;
F112;;;;;;;;;;;;;;;;;;;;;;;;;;;;;;;;;
F113;;;;;;;;;;;;;;;;;;;;;;;;;;;;;;;;;
F114;;;;;;;;;;;;;;;;;;;;;;;;;;;;;;;;;
F115;;;;;;;;;;;;;;;;;;;;;;;;;;;;;;;;;
F116;;;;;;;;;;;;;;;;;;;;;;;;;;;;;;;;;
F117;;;;;;;;;;;;;;;;;;;;;;;;;;;;;;;;;
F118;;;;;;;;;;;;;;;;;;;;;;;;;;;;;;;;;
F119;;;;;;;;;;;;;;;;;;;;;;;;;;;;;;;;;
F120;;;;;;;;;;;;;;;;;;;;;;;;;;;;;;;;;
F121;;;;;;;;;;;;;;;;;;;;;;;;;;;;;;;;;
F122;;;;;;;;;;;;;;;;;;;;;;;;;;;;;;;;;
F123;;;;;;;;;;;;;;;;;;;;;;;;;;;;;;;;;
F124;;;;;;;;;;;;;;;;;;;;;;;;;;;;;;;;;
F125;;;;;;;;;;;;;;;;;;;;;;;;;;;;;;;;;
F126;;;;;;;;;;;;;;;;;;;;;;;;;;;;;;;;;
F127;;;;;;;;;;;;;;;;;;;;;;;;;;;;;;;;;
F128;;;;;;;;;;;;;;;;;;;;;;;;;;;;;;;;;
F129;;;;;;;;;;;;;;;;;;;;;;;;;;;;;;;;;
F130;;;;;;;;;;;;;;;;;;;;;;;;;;;;;;;;;
F131;;;;;;;;;;;;;;;;;;;;;;;;;;;;;;;;;
F132;;;;;;;;;;;;;;;;;;;;;;;;;;;;;;;;;
F133;;;;;;;;;;;;;;;;;;;;;;;;;;;;;;;;;
F134;;;;;;;;;;;;;;;;;;;;;;;;;;;;;;;;;
F135;;;;;;;;;;;;;;;;;;;;;;;;;;;;;;;;;
F136;;;;;;;;;;;;;;;;;;;;;;;;;;;;;;;;;
F137;;;;;;;;;;;;;;;;;;;;;;;;;;;;;;;;;
F138;;;;;;;;;;;;;;;;;;;;;;;;;;;;;;;;;
F139;;;;;;;;;;;;;;;;;;;;;;;;;;;;;;;;;
F140;;;;;;;;;;;;;;;;;;;;;;;;;;;;;;;;;
F141;;;;;;;;;;;;;;;;;;;;;;;;;;;;;;;;;
F142;;;;;;;;;;;;;;;;;;;;;;;;;;;;;;;;;
F143;;;;;;;;;;;;;;;;;;;;;;;;;;;;;;;;;
F144;;;;;;;;;;;;;;;;;;;;;;;;;;;;;;;;;
F145;;;;;;;;;;;;;;;;;;;;;;;;;;;;;;;;;
F146;;;;;;;;;;;;;;;;;;;;;;;;;;;;;;;;;
F147;;;;;;;;;;;;;;;;;;;;;;;;;;;;;;;;;
F148;;;;;;;;;;;;;;;;;;;;;;;;;;;;;;;;;
F149;;;;;;;;;;;;;;;;;;;;;;;;;;;;;;;;;
F150;;;;;;;;;;;;;;;;;;;;;;;;;;;;;;;;;
F151;;;;;;;;;;;;;;;;;;;;;;;;;;;;;;;;;
F152;;;;;;;;;;;;;;;;;;;;;;;;;;;;;;;;;
F153;;;;;;;;;;;;;;;;;;;;;;;;;;;;;;;;;
F154;;;;;;;;;;;;;;;;;;;;;;;;;;;;;;;;;
F155;;;;;;;;;;;;;;;;;;;;;;;;;;;;;;;;;
F156;;;;;;;;;;;;;;;;;;;;;;;;;;;;;;;;;
F157;;;;;;;;;;;;;;;;;;;;;;;;;;;;;;;;;
F158;;;;;;;;;;;;;;;;;;;;;;;;;;;;;;;;;
F159;;;;;;;;;;;;;;;;;;;;;;;;;;;;;;;;;
F160;;;;;;;;;;;;;;;;;;;;;;;;;;;;;;;;;
F161;;;;;;;;;;;;;;;;;;;;;;;;;;;;;;;;;
F162;;;;;;;;;;;;;;;;;;;;;;;;;;;;;;;;;
F163;;;;;;;;;;;;;;;;;;;;;;;;;;;;;;;;;
F164;;;;;;;;;;;;;;;;;;;;;;;;;;;;;;;;;
F165;;;;;;;;;;;;;;;;;;;;;;;;;;;;;;;;;
F166;;;;;;;;;;;;;;;;;;;;;;;;;;;;;;;;;
F167;;;;;;;;;;;;;;;;;;;;;;;;;;;;;;;;;
F168;;;;;;;;;;;;;;;;;;;;;;;;;;;;;;;;;
F169;;;;;;;;;;;;;;;;;;;;;;;;;;;;;;;;;
F170;;;;;;;;;;;;;;;;;;;;;;;;;;;;;;;;;
F171;;;;;;;;;;;;;;;;;;;;;;;;;;;;;;;;;
F172;;;;;;;;;;;;;;;;;;;;;;;;;;;;;;;;;
F173;;;;;;;;;;;;;;;;;;;;;;;;;;;;;;;;;
F174;;;;;;;;;;;;;;;;;;;;;;;;;;;;;;;;;
F175;;;;;;;;;;;;;;;;;;;;;;;;;;;;;;;;;
F176;;;;;;;;;;;;;;;;;;;;;;;;;;;;;;;;;
F177;;;;;;;;;;;;;;;;;;;;;;;;;;;;;;;;;
F178;;;;;;;;;;;;;;;;;;;;;;;;;;;;;;;;;
F179;;;;;;;;;;;;;;;;;;;;;;;;;;;;;;;;;
F180;;;;;;;;;;;;;;;;;;;;;;;;;;;;;;;;;
F181;;;;;;;;;;;;;;;;;;;;;;;;;;;;;;;;;
F182;;;;;;;;;;;;;;;;;;;;;;;;;;;;;;;;;
F183;;;;;;;;;;;;;;;;;;;;;;;;;;;;;;;;;
F184;;;;;;;;;;;;;;;;;;;;;;;;;;;;;;;;;
F185;;;;;;;;;;;;;;;;;;;;;;;;;;;;;;;;;
F186;;;;;;;;;;;;;;;;;;;;;;;;;;;;;;;;;
F187;;;;;;;;;;;;;;;;;;;;;;;;;;;;;;;;;
F188;;;;;;;;;;;;;;;;;;;;;;;;;;;;;;;;;
F189;;;;;;;;;;;;;;;;;;;;;;;;;;;;;;;;;
F190;;;;;;;;;;;;;;;;;;;;;;;;;;;;;;;;;
F191;;;;;;;;;;;;;;;;;;;;;;;;;;;;;;;;;
F192;;;;;;;;;;;;;;;;;;;;;;;;;;;;;;;;;
F193;;;;;;;;;;;;;;;;;;;;;;;;;;;;;;;;;
F194;;;;;;;;;;;;;;;;;;;;;;;;;;;;;;;;;
F195;;;;;;;;;;;;;;;;;;;;;;;;;;;;;;;;;
F196;;;;;;;;;;;;;;;;;;;;;;;;;;;;;;;;;
F197;;;;;;;;;;;;;;;;;;;;;;;;;;;;;;;;;
F198;;;;;;;;;;;;;;;;;;;;;;;;;;;;;;;;;
F199;;;;;;;;;;;;;;;;;;;;;;;;;;;;;;;;;
F200;;;;;;;;;;;;;;;;;;;;;;;;;;;;;;;;;
F201;;;;;;;;;;;;;;;;;;;;;;;;;;;;;;;;;
F202;;;;;;;;;;;;;;;;;;;;;;;;;;;;;;;;;
F203;;;;;;;;;;;;;;;;;;;;;;;;;;;;;;;;;
F204;;;;;;;;;;;;;;;;;;;;;;;;;;;;;;;;;
F205;;;;;;;;;;;;;;;;;;;;;;;;;;;;;;;;;
F206;;;;;;;;;;;;;;;;;;;;;;;;;;;;;;;;;
F207;;;;;;;;;;;;;;;;;;;;;;;;;;;;;;;;;
F208;;;;;;;;;;;;;;;;;;;;;;;;;;;;;;;;;
F209;;;;;;;;;;;;;;;;;;;;;;;;;;;;;;;;;
F210;;;;;;;;;;;;;;;;;;;;;;;;;;;;;;;;;
F211;;;;;;;;;;;;;;;;;;;;;;;;;;;;;;;;;
F212;;;;;;;;;;;;;;;;;;;;;;;;;;;;;;;;;
F213;;;;;;;;;;;;;;;;;;;;;;;;;;;;;;;;;
F214;;;;;;;;;;;;;;;;;;;;;;;;;;;;;;;;;
F215;;;;;;;;;;;;;;;;;;;;;;;;;;;;;;;;;
F216;;;;;;;;;;;;;;;;;;;;;;;;;;;;;;;;;
F217;;;;;;;;;;;;;;;;;;;;;;;;;;;;;;;;;
F218;;;;;;;;;;;;;;;;;;;;;;;;;;;;;;;;;
F219;;;;;;;;;;;;;;;;;;;;;;;;;;;;;;;;;
F220;;;;;;;;;;;;;;;;;;;;;;;;;;;;;;;;;
F221;;;;;;;;;;;;;;;;;;;;;;;;;;;;;;;;;
F222;;;;;;;;;;;;;;;;;;;;;;;;;;;;;;;;;
F223;;;;;;;;;;;;;;;;;;;;;;;;;;;;;;;;;
F224;;;;;;;;;;;;;;;;;;;;;;;;;;;;;;;;;
F225;;;;;;;;;;;;;;;;;;;;;;;;;;;;;;;;;
F226;;;;;;;;;;;;;;;;;;;;;;;;;;;;;;;;;
F227;;;;;;;;;;;;;;;;;;;;;;;;;;;;;;;;;
F228;;;;;;;;;;;;;;;;;;;;;;;;;;;;;;;;;
F229;;;;;;;;;;;;;;;;;;;;;;;;;;;;;;;;;
F230;;;;;;;;;;;;;;;;;;;;;;;;;;;;;;;;;
F231;;;;;;;;;;;;;;;;;;;;;;;;;;;;;;;;;
F232;;;;;;;;;;;;;;;;;;;;;;;;;;;;;;;;;
F233;;;;;;;;;;;;;;;;;;;;;;;;;;;;;;;;;
F234;;;;;;;;;;;;;;;;;;;;;;;;;;;;;;;;;
F235;;;;;;;;;;;;;;;;;;;;;;;;;;;;;;;;;
F236;;;;;;;;;;;;;;;;;;;;;;;;;;;;;;;;;
F237;;;;;;;;;;;;;;;;;;;;;;;;;;;;;;;;;
F238;;;;;;;;;;;;;;;;;;;;;;;;;;;;;;;;;
F239;;;;;;;;;;;;;;;;;;;;;;;;;;;;;;;;;
F240;;;;;;;;;;;;;;;;;;;;;;;;;;;;;;;;;
F241;;;;;;;;;;;;;;;;;;;;;;;;;;;;;;;;;
F242;;;;;;;;;;;;;;;;;;;;;;;;;;;;;;;;;
F243;;;;;;;;;;;;;;;;;;;;;;;;;;;;;;;;;
F244;;;;;;;;;;;;;;;;;;;;;;;;;;;;;;;;;
F245;;;;;;;;;;;;;;;;;;;;;;;;;;;;;;;;;
F246;;;;;;;;;;;;;;;;;;;;;;;;;;;;;;;;;
F247;;;;;;;;;;;;;;;;;;;;;;;;;;;;;;;;;
F248;;;;;;;;;;;;;;;;;;;;;;;;;;;;;;;;;
F249;;;;;;;;;;;;;;;;;;;;;;;;;;;;;;;;;
F250;;;;;;;;;;;;;;;;;;;;;;;;;;;;;;;;;
F251;;;;;;;;;;;;;;;;;;;;;;;;;;;;;;;;;
F252;;;;;;;;;;;;;;;;;;;;;;;;;;;;;;;;;
F253;;;;;;;;;;;;;;;;;;;;;;;;;;;;;;;;;
F254;;;;;;;;;;;;;;;;;;;;;;;;;;;;;;;;;
F255;;;;;;;;;;;;;;;;;;;;;;;;;;;;;;;;;
F256;;;;;;;;;;;;;;;;;;;;;;;;;;;;;;;;;
F257;;;;;;;;;;;;;;;;;;;;;;;;;;;;;;;;;
F258;;;;;;;;;;;;;;;;;;;;;;;;;;;;;;;;;
F259;;;;;;;;;;;;;;;;;;;;;;;;;;;;;;;;;
F260;;;;;;;;;;;;;;;;;;;;;;;;;;;;;;;;;
F261;;;;;;;;;;;;;;;;;;;;;;;;;;;;;;;;;
F262;;;;;;;;;;;;;;;;;;;;;;;;;;;;;;;;;
F263;;;;;;;;;;;;;;;;;;;;;;;;;;;;;;;;;
F264;;;;;;;;;;;;;;;;;;;;;;;;;;;;;;;;;
F265;;;;;;;;;;;;;;;;;;;;;;;;;;;;;;;;;
F266;;;;;;;;;;;;;;;;;;;;;;;;;;;;;;;;;
F267;;;;;;;;;;;;;;;;;;;;;;;;;;;;;;;;;
F268;;;;;;;;;;;;;;;;;;;;;;;;;;;;;;;;;
F269;;;;;;;;;;;;;;;;;;;;;;;;;;;;;;;;;
F270;;;;;;;;;;;;;;;;;;;;;;;;;;;;;;;;;
F271;;;;;;;;;;;;;;;;;;;;;;;;;;;;;;;;;
F272;;;;;;;;;;;;;;;;;;;;;;;;;;;;;;;;;
F273;;;;;;;;;;;;;;;;;;;;;;;;;;;;;;;;;
F274;;;;;;;;;;;;;;;;;;;;;;;;;;;;;;;;;
F275;;;;;;;;;;;;;;;;;;;;;;;;;;;;;;;;;
F276;;;;;;;;;;;;;;;;;;;;;;;;;;;;;;;;;
F277;;;;;;;;;;;;;;;;;;;;;;;;;;;;;;;;;
F278;;;;;;;;;;;;;;;;;;;;;;;;;;;;;;;;;
F279;;;;;;;;;;;;;;;;;;;;;;;;;;;;;;;;;
F280;;;;;;;;;;;;;;;;;;;;;;;;;;;;;;;;;
F281;;;;;;;;;;;;;;;;;;;;;;;;;;;;;;;;;
F282;;;;;;;;;;;;;;;;;;;;;;;;;;;;;;;;;
F283;;;;;;;;;;;;;;;;;;;;;;;;;;;;;;;;;
F284;;;;;;;;;;;;;;;;;;;;;;;;;;;;;;;;;
F285;;;;;;;;;;;;;;;;;;;;;;;;;;;;;;;;;
F286;;;;;;;;;;;;;;;;;;;;;;;;;;;;;;;;;
F287;;;;;;;;;;;;;;;;;;;;;;;;;;;;;;;;;
F288;;;;;;;;;;;;;;;;;;;;;;;;;;;;;;;;;
F289;;;;;;;;;;;;;;;;;;;;;;;;;;;;;;;;;
F290;;;;;;;;;;;;;;;;;;;;;;;;;;;;;;;;;
F291;;;;;;;;;;;;;;;;;;;;;;;;;;;;;;;;;
F292;;;;;;;;;;;;;;;;;;;;;;;;;;;;;;;;;
F293;;;;;;;;;;;;;;;;;;;;;;;;;;;;;;;;;
F294;;;;;;;;;;;;;;;;;;;;;;;;;;;;;;;;;
F295;;;;;;;;;;;;;;;;;;;;;;;;;;;;;;;;;
F296;;;;;;;;;;;;;;;;;;;;;;;;;;;;;;;;;
F297;;;;;;;;;;;;;;;;;;;;;;;;;;;;;;;;;
F298;;;;;;;;;;;;;;;;;;;;;;;;;;;;;;;;;
F299;;;;;;;;;;;;;;;;;;;;;;;;;;;;;;;;;
F300;;;;;;;;;;;;;;;;;;;;;;;;;;;;;;;;;
F301;;;;;;;;;;;;;;;;;;;;;;;;;;;;;;;;;
F302;;;;;;;;;;;;;;;;;;;;;;;;;;;;;;;;;
F303;;;;;;;;;;;;;;;;;;;;;;;;;;;;;;;;;
F304;;;;;;;;;;;;;;;;;;;;;;;;;;;;;;;;;
F305;;;;;;;;;;;;;;;;;;;;;;;;;;;;;;;;;
F306;;;;;;;;;;;;;;;;;;;;;;;;;;;;;;;;;
F307;;;;;;;;;;;;;;;;;;;;;;;;;;;;;;;;;
F308;;;;;;;;;;;;;;;;;;;;;;;;;;;;;;;;;
F309;;;;;;;;;;;;;;;;;;;;;;;;;;;;;;;;;
F310;;;;;;;;;;;;;;;;;;;;;;;;;;;;;;;;;
F311;;;;;;;;;;;;;;;;;;;;;;;;;;;;;;;;;
F312;;;;;;;;;;;;;;;;;;;;;;;;;;;;;;;;;
F313;;;;;;;;;;;;;;;;;;;;;;;;;;;;;;;;;
F314;;;;;;;;;;;;;;;;;;;;;;;;;;;;;;;;;
F315;;;;;;;;;;;;;;;;;;;;;;;;;;;;;;;;;
F316;;;;;;;;;;;;;;;;;;;;;;;;;;;;;;;;;
F317;;;;;;;;;;;;;;;;;;;;;;;;;;;;;;;;;
F318;;;;;;;;;;;;;;;;;;;;;;;;;;;;;;;;;
F319;;;;;;;;;;;;;;;;;;;;;;;;;;;;;;;;;
F320;;;;;;;;;;;;;;;;;;;;;;;;;;;;;;;;;
F321;;;;;;;;;;;;;;;;;;;;;;;;;;;;;;;;;
F322;;;;;;;;;;;;;;;;;;;;;;;;;;;;;;;;;
F323;;;;;;;;;;;;;;;;;;;;;;;;;;;;;;;;;
F324;;;;;;;;;;;;;;;;;;;;;;;;;;;;;;;;;
F325;;;;;;;;;;;;;;;;;;;;;;;;;;;;;;;;;
F326;;;;;;;;;;;;;;;;;;;;;;;;;;;;;;;;;
F327;;;;;;;;;;;;;;;;;;;;;;;;;;;;;;;;;
F328;;;;;;;;;;;;;;;;;;;;;;;;;;;;;;;;;
F329;;;;;;;;;;;;;;;;;;;;;;;;;;;;;;;;;
F330;;;;;;;;;;;;;;;;;;;;;;;;;;;;;;;;;
F331;;;;;;;;;;;;;;;;;;;;;;;;;;;;;;;;;
F332;;;;;;;;;;;;;;;;;;;;;;;;;;;;;;;;;
F333;;;;;;;;;;;;;;;;;;;;;;;;;;;;;;;;;
F334;;;;;;;;;;;;;;;;;;;;;;;;;;;;;;;;;
F335;;;;;;;;;;;;;;;;;;;;;;;;;;;;;;;;;
F336;;;;;;;;;;;;;;;;;;;;;;;;;;;;;;;;;
F337;;;;;;;;;;;;;;;;;;;;;;;;;;;;;;;;;
F338;;;;;;;;;;;;;;;;;;;;;;;;;;;;;;;;;
F339;;;;;;;;;;;;;;;;;;;;;;;;;;;;;;;;;
F340;;;;;;;;;;;;;;;;;;;;;;;;;;;;;;;;;
F341;;;;;;;;;;;;;;;;;;;;;;;;;;;;;;;;;
F342;;;;;;;;;;;;;;;;;;;;;;;;;;;;;;;;;
F343;;;;;;;;;;;;;;;;;;;;;;;;;;;;;;;;;
F344;;;;;;;;;;;;;;;;;;;;;;;;;;;;;;;;;
F345;;;;;;;;;;;;;;;;;;;;;;;;;;;;;;;;;
F346;;;;;;;;;;;;;;;;;;;;;;;;;;;;;;;;;
F347;;;;;;;;;;;;;;;;;;;;;;;;;;;;;;;;;
F348;;;;;;;;;;;;;;;;;;;;;;;;;;;;;;;;;
F349;;;;;;;;;;;;;;;;;;;;;;;;;;;;;;;;;
F350;;;;;;;;;;;;;;;;;;;;;;;;;;;;;;;;;
F351;;;;;;;;;;;;;;;;;;;;;;;;;;;;;;;;;
F352;;;;;;;;;;;;;;;;;;;;;;;;;;;;;;;;;
F353;;;;;;;;;;;;;;;;;;;;;;;;;;;;;;;;;
F354;;;;;;;;;;;;;;;;;;;;;;;;;;;;;;;;;
F355;;;;;;;;;;;;;;;;;;;;;;;;;;;;;;;;;
F356;;;;;;;;;;;;;;;;;;;;;;;;;;;;;;;;;
F357;;;;;;;;;;;;;;;;;;;;;;;;;;;;;;;;;
F358;;;;;;;;;;;;;;;;;;;;;;;;;;;;;;;;;
F359;;;;;;;;;;;;;;;;;;;;;;;;;;;;;;;;;
F360;;;;;;;;;;;;;;;;;;;;;;;;;;;;;;;;;
F361;;;;;;;;;;;;;;;;;;;;;;;;;;;;;;;;;
F362;;;;;;;;;;;;;;;;;;;;;;;;;;;;;;;;;
F363;;;;;;;;;;;;;;;;;;;;;;;;;;;;;;;;;
F364;;;;;;;;;;;;;;;;;;;;;;;;;;;;;;;;;
F365;;;;;;;;;;;;;;;;;;;;;;;;;;;;;;;;;
F366;;;;;;;;;;;;;;;;;;;;;;;;;;;;;;;;;
F367;;;;;;;;;;;;;;;;;;;;;;;;;;;;;;;;;
F368;;;;;;;;;;;;;;;;;;;;;;;;;;;;;;;;;
F369;;;;;;;;;;;;;;;;;;;;;;;;;;;;;;;;;
F370;;;;;;;;;;;;;;;;;;;;;;;;;;;;;;;;;
F371;;;;;;;;;;;;;;;;;;;;;;;;;;;;;;;;;
F372;;;;;;;;;;;;;;;;;;;;;;;;;;;;;;;;;
F373;;;;;;;;;;;;;;;;;;;;;;;;;;;;;;;;;
F374;;;;;;;;;;;;;;;;;;;;;;;;;;;;;;;;;
F375;;;;;;;;;;;;;;;;;;;;;;;;;;;;;;;;;
F376;;;;;;;;;;;;;;;;;;;;;;;;;;;;;;;;;
F377;;;;;;;;;;;;;;;;;;;;;;;;;;;;;;;;;
F378;;;;;;;;;;;;;;;;;;;;;;;;;;;;;;;;;
F379;;;;;;;;;;;;;;;;;;;;;;;;;;;;;;;;;
F380;;;;;;;;;;;;;;;;;;;;;;;;;;;;;;;;;
F381;;;;;;;;;;;;;;;;;;;;;;;;;;;;;;;;;
F382;;;;;;;;;;;;;;;;;;;;;;;;;;;;;;;;;
F383;;;;;;;;;;;;;;;;;;;;;;;;;;;;;;;;;
F384;;;;;;;;;;;;;;;;;;;;;;;;;;;;;;;;;
F385;;;;;;;;;;;;;;;;;;;;;;;;;;;;;;;;;
F386;;;;;;;;;;;;;;;;;;;;;;;;;;;;;;;;;
F387;;;;;;;;;;;;;;;;;;;;;;;;;;;;;;;;;
F388;;;;;;;;;;;;;;;;;;;;;;;;;;;;;;;;;
F389;;;;;;;;;;;;;;;;;;;;;;;;;;;;;;;;;
F390;;;;;;;;;;;;;;;;;;;;;;;;;;;;;;;;;
F391;;;;;;;;;;;;;;;;;;;;;;;;;;;;;;;;;
F392;;;;;;;;;;;;;;;;;;;;;;;;;;;;;;;;;
F393;;;;;;;;;;;;;;;;;;;;;;;;;;;;;;;;;
F394;;;;;;;;;;;;;;;;;;;;;;;;;;;;;;;;;
F395;;;;;;;;;;;;;;;;;;;;;;;;;;;;;;;;;
F396;;;;;;;;;;;;;;;;;;;;;;;;;;;;;;;;;
F397;;;;;;;;;;;;;;;;;;;;;;;;;;;;;;;;;
F398;;;;;;;;;;;;;;;;;;;;;;;;;;;;;;;;;
F399;;;;;;;;;;;;;;;;;;;;;;;;;;;;;;;;;
F400;;;;;;;;;;;;;;;;;;;;;;;;;;;;;;;;;
F401;;;;;;;;;;;;;;;;;;;;;;;;;;;;;;;;;
F402;;;;;;;;;;;;;;;;;;;;;;;;;;;;;;;;;
F403;;;;;;;;;;;;;;;;;;;;;;;;;;;;;;;;;
F404;;;;;;;;;;;;;;;;;;;;;;;;;;;;;;;;;
F405;;;;;;;;;;;;;;;;;;;;;;;;;;;;;;;;;
F406;;;;;;;;;;;;;;;;;;;;;;;;;;;;;;;;;
F407;;;;;;;;;;;;;;;;;;;;;;;;;;;;;;;;;
F408;;;;;;;;;;;;;;;;;;;;;;;;;;;;;;;;;
F409;;;;;;;;;;;;;;;;;;;;;;;;;;;;;;;;;
F410;;;;;;;;;;;;;;;;;;;;;;;;;;;;;;;;;
F411;;;;;;;;;;;;;;;;;;;;;;;;;;;;;;;;;
F412;;;;;;;;;;;;;;;;;;;;;;;;;;;;;;;;;
F413;;;;;;;;;;;;;;;;;;;;;;;;;;;;;;;;;
F414;;;;;;;;;;;;;;;;;;;;;;;;;;;;;;;;;
F415;;;;;;;;;;;;;;;;;;;;;;;;;;;;;;;;;
F416;;;;;;;;;;;;;;;;;;;;;;;;;;;;;;;;;
F417;;;;;;;;;;;;;;;;;;;;;;;;;;;;;;;;;
F418;;;;;;;;;;;;;;;;;;;;;;;;;;;;;;;;;
F419;;;;;;;;;;;;;;;;;;;;;;;;;;;;;;;;;
F420;;;;;;;;;;;;;;;;;;;;;;;;;;;;;;;;;
F421;;;;;;;;;;;;;;;;;;;;;;;;;;;;;;;;;
F422;;;;;;;;;;;;;;;;;;;;;;;;;;;;;;;;;
F423;;;;;;;;;;;;;;;;;;;;;;;;;;;;;;;;;
F424;;;;;;;;;;;;;;;;;;;;;;;;;;;;;;;;;
F425;;;;;;;;;;;;;;;;;;;;;;;;;;;;;;;;;
F426;;;;;;;;;;;;;;;;;;;;;;;;;;;;;;;;;
F427;;;;;;;;;;;;;;;;;;;;;;;;;;;;;;;;;
F428;;;;;;;;;;;;;;;;;;;;;;;;;;;;;;;;;
F429;;;;;;;;;;;;;;;;;;;;;;;;;;;;;;;;;
F430;;;;;;;;;;;;;;;;;;;;;;;;;;;;;;;;;
F431;;;;;;;;;;;;;;;;;;;;;;;;;;;;;;;;;
F432;;;;;;;;;;;;;;;;;;;;;;;;;;;;;;;;;
F433;;;;;;;;;;;;;;;;;;;;;;;;;;;;;;;;;
F434;;;;;;;;;;;;;;;;;;;;;;;;;;;;;;;;;
F435;;;;;;;;;;;;;;;;;;;;;;;;;;;;;;;;;
F436;;;;;;;;;;;;;;;;;;;;;;;;;;;;;;;;;
F437;;;;;;;;;;;;;;;;;;;;;;;;;;;;;;;;;
F438;;;;;;;;;;;;;;;;;;;;;;;;;;;;;;;;;
F439;;;;;;;;;;;;;;;;;;;;;;;;;;;;;;;;;
F440;;;;;;;;;;;;;;;;;;;;;;;;;;;;;;;;;
F441;;;;;;;;;;;;;;;;;;;;;;;;;;;;;;;;;
F442;;;;;;;;;;;;;;;;;;;;;;;;;;;;;;;;;
F443;;;;;;;;;;;;;;;;;;;;;;;;;;;;;;;;;
F444;;;;;;;;;;;;;;;;;;;;;;;;;;;;;;;;;
F445;;;;;;;;;;;;;;;;;;;;;;;;;;;;;;;;;
F446;;;;;;;;;;;;;;;;;;;;;;;;;;;;;;;;;
F447;;;;;;;;;;;;;;;;;;;;;;;;;;;;;;;;;
F448;;;;;;;;;;;;;;;;;;;;;;;;;;;;;;;;;
F449;;;;;;;;;;;;;;;;;;;;;;;;;;;;;;;;;
F450;;;;;;;;;;;;;;;;;;;;;;;;;;;;;;;;;
F451;;;;;;;;;;;;;;;;;;;;;;;;;;;;;;;;;
F452;;;;;;;;;;;;;;;;;;;;;;;;;;;;;;;;;
F453;;;;;;;;;;;;;;;;;;;;;;;;;;;;;;;;;
F454;;;;;;;;;;;;;;;;;;;;;;;;;;;;;;;;;
F455;;;;;;;;;;;;;;;;;;;;;;;;;;;;;;;;;
F456;;;;;;;;;;;;;;;;;;;;;;;;;;;;;;;;;
F457;;;;;;;;;;;;;;;;;;;;;;;;;;;;;;;;;
F458;;;;;;;;;;;;;;;;;;;;;;;;;;;;;;;;;
F459;;;;;;;;;;;;;;;;;;;;;;;;;;;;;;;;;
F460;;;;;;;;;;;;;;;;;;;;;;;;;;;;;;;;;
F461;;;;;;;;;;;;;;;;;;;;;;;;;;;;;;;;;
F462;;;;;;;;;;;;;;;;;;;;;;;;;;;;;;;;;
F463;;;;;;;;;;;;;;;;;;;;;;;;;;;;;;;;;
F464;;;;;;;;;;;;;;;;;;;;;;;;;;;;;;;;;
F465;;;;;;;;;;;;;;;;;;;;;;;;;;;;;;;;;
F466;;;;;;;;;;;;;;;;;;;;;;;;;;;;;;;;;
F467;;;;;;;;;;;;;;;;;;;;;;;;;;;;;;;;;
F468;;;;;;;;;;;;;;;;;;;;;;;;;;;;;;;;;
F469;;;;;;;;;;;;;;;;;;;;;;;;;;;;;;;;;
F470;;;;;;;;;;;;;;;;;;;;;;;;;;;;;;;;;
F471;;;;;;;;;;;;;;;;;;;;;;;;;;;;;;;;;
F472;;;;;;;;;;;;;;;;;;;;;;;;;;;;;;;;;
F473;;;;;;;;;;;;;;;;;;;;;;;;;;;;;;;;;
F474;;;;;;;;;;;;;;;;;;;;;;;;;;;;;;;;;
F475;;;;;;;;;;;;;;;;;;;;;;;;;;;;;;;;;
F476;;;;;;;;;;;;;;;;;;;;;;;;;;;;;;;;;
F477;;;;;;;;;;;;;;;;;;;;;;;;;;;;;;;;;
F478;;;;;;;;;;;;;;;;;;;;;;;;;;;;;;;;;
F479;;;;;;;;;;;;;;;;;;;;;;;;;;;;;;;;;
F480;;;;;;;;;;;;;;;;;;;;;;;;;;;;;;;;;
F481;;;;;;;;;;;;;;;;;;;;;;;;;;;;;;;;;
F482;;;;;;;;;;;;;;;;;;;;;;;;;;;;;;;;;
F483;;;;;;;;;;;;;;;;;;;;;;;;;;;;;;;;;
F484;;;;;;;;;;;;;;;;;;;;;;;;;;;;;;;;;
F485;;;;;;;;;;;;;;;;;;;;;;;;;;;;;;;;;
F486;;;;;;;;;;;;;;;;;;;;;;;;;;;;;;;;;
F487;;;;;;;;;;;;;;;;;;;;;;;;;;;;;;;;;
F488;;;;;;;;;;;;;;;;;;;;;;;;;;;;;;;;;
F489;;;;;;;;;;;;;;;;;;;;;;;;;;;;;;;;;
F490;;;;;;;;;;;;;;;;;;;;;;;;;;;;;;;;;
F491;;;;;;;;;;;;;;;;;;;;;;;;;;;;;;;;;
F492;;;;;;;;;;;;;;;;;;;;;;;;;;;;;;;;;
F493;;;;;;;;;;;;;;;;;;;;;;;;;;;;;;;;;
F494;;;;;;;;;;;;;;;;;;;;;;;;;;;;;;;;;
F495;;;;;;;;;;;;;;;;;;;;;;;;;;;;;;;;;
F496;;;;;;;;;;;;;;;;;;;;;;;;;;;;;;;;;
F497;;;;;;;;;;;;;;;;;;;;;;;;;;;;;;;;;
F498;;;;;;;;;;;;;;;;;;;;;;;;;;;;;;;;;
F499;;;;;;;;;;;;;;;;;;;;;;;;;;;;;;;;;
F500;;;;;;;;;;;;;;;;;;;;;;;;;;;;;;;;;
